,Class 0,Class 1,difference
privileg vulner,0.006435575004132229,0.023356308506773966,0.016920733502641738
elev privileg,0.00692791321746902,0.02311821670156921,0.01619030348410019
elev,0.007070592925413767,0.023009812637359822,0.015939219711946055
remot,0.013884420436400665,0.027217126871800678,0.013332706435400013
remot execution,0.005911803242063405,0.01884290819674604,0.012931104954682637
command,0.006214315383447822,0.017553558240407004,0.011339242856959182
treck stack,0.0,0.010078725133563357,0.010078725133563357
treck,5.1160120312031914e-05,0.009844139296598954,0.009792979176286921
execution,0.009023873068662702,0.01863327338604986,0.009609400317387159
object memori,0.0033405071880087604,0.012888659151957551,0.00954815196394879
aka,0.006858692686278769,0.016398124678704724,0.009539431992425955
cve,0.004663806770931974,0.013860605303602768,0.009196798532670794
id uniqu,0.004571921251812009,0.013732106246870027,0.009160184995058017
vulner cve,0.00457501243980336,0.013727616692328241,0.009152604252524881
cve id,0.004577043220357001,0.013723133368953673,0.009146090148596672
memori aka,0.003403327187417629,0.012479392958901556,0.009076065771483927
execution vulner,0.004761903394462664,0.013779092583279709,0.009017189188817044
uniqu,0.004633533402694061,0.013626042525446004,0.008992509122751943
handl object,0.0034012798305272972,0.012383408774116115,0.008982128943588817
window,0.006874837279359252,0.01571336610421761,0.008838528824858357
vulner exist,0.008175351314416027,0.01686337402279014,0.008688022708374115
aka elev,0.0005123624441313585,0.00887877592563707,0.008366413481505712
exist window,0.00284076312444143,0.010964313609737706,0.008123550485296276
privileg,0.014795904245577715,0.022743794570116094,0.00794789032453838
citrix,0.00044639745634816104,0.008351199764450846,0.007904802308102685
handl,0.006226123607862014,0.013936165894552684,0.00771004228669067
object,0.004799263402247195,0.012316493044022832,0.007517229641775636
exist,0.009566254492813474,0.016843788252255198,0.007277533759441724
vulner,0.029669886098376286,0.036891579880619585,0.007221693782243299
fail properli,0.0012911033459065179,0.008332001323918295,0.007040897978011777
stack,0.0016215865376033015,0.00854452116924399,0.006922934631640688
inject,0.009183837768246291,0.016039813138437466,0.006855975370191175
paramet,0.007180375406071531,0.014026106048282949,0.006845730642211418
properli handl,0.0011432836417189303,0.007937771478641992,0.006794487836923062
allow remot,0.007914980606325662,0.01452191548464801,0.006606934878322349
fail,0.0019771353018139632,0.008548460277214447,0.006571324975400483
memori,0.006912403276971435,0.013377052568935349,0.006464649291963914
os command,0.0009526449133215959,0.007177303909085974,0.006224658995764378
shell metacharact,0.0005015415139258792,0.006307202936651888,0.005805661422726009
metacharact,0.0005015415139258792,0.006307202936651888,0.005805661422726009
shell,0.0012162017513070063,0.006969072469553367,0.005752870718246361
execut arbitrari,0.0068416554933263,0.012102371901452396,0.005260716408126096
via shell,0.0003900882304244109,0.005630965217432356,0.005240876987007945
earlier version,0.001175976812072121,0.006366840843876704,0.005190864031804583
os,0.002114684291243926,0.007097638947946653,0.004982954656702727
properli,0.003242862846969655,0.008062538781591,0.0048196759346213446
devic allow,0.0011625259634860895,0.005976583374396806,0.004814057410910716
panorama,5.5215327188065485e-05,0.004801062316397998,0.0047458469892099325
arbitrari,0.012229719122908943,0.0168678923934562,0.004638173270547257
version earlier,0.004057492772718716,0.008667320652682341,0.004609827879963626
microsoft,0.0026518318672023125,0.00716334764517535,0.004511515777973037
command inject,0.002072812642985636,0.006545930879293945,0.00447311823630831
window compon,7.448629132086782e-05,0.004418112053110604,0.004343625761789736
compon fail,8.518375979902739e-05,0.004386528803652535,0.0043013450438535075
window window,8.384147579192512e-05,0.004365841297151826,0.004281999821359901
root,0.0027187560740525242,0.00699566982671327,0.0042769137526607465
window driver,5.49074121589041e-05,0.004108907262549687,0.004053999850390783
driver fail,5.718375795239511e-05,0.004108907262549687,0.004051723504597292
web,0.006710100692495189,0.010604387866000686,0.003894287173505497
travers,0.0023919414694762876,0.006234555437347873,0.0038426139678715858
authent,0.00929189288542727,0.013113586815781364,0.003821693930354095
graphic compon,0.0005334107600745003,0.004275051901280601,0.0037416411412061
improperli,0.0032298475926176356,0.006939654814724997,0.003709807222107361
execut,0.012237499232793762,0.01564148955891892,0.0034039903261251572
exchang,0.00035327022409483474,0.003697898977254239,0.0033446287531594043
directori travers,0.0015746972927480826,0.004906199016269879,0.003331501723521796
stack read,4.837899647938299e-06,0.0033306287659759745,0.003325790866328036
arbitrari command,0.001694275170783155,0.004934701061180724,0.003240425890397569
gateway version,6.226297084344534e-05,0.0032561082177289162,0.003193845246885471
microsoft exchang,0.00014498495361442066,0.003317158818454794,0.0031721738648403733
command via,0.0010290846827828053,0.004146961494200513,0.0031178768114177077
improperli handl,0.0026742707028798744,0.005769950319390072,0.0030956796165101975
attack execut,0.00531854483774677,0.008390222682719054,0.003071677844972284
file system,0.0011056583020691113,0.004135129775614984,0.003029471473545873
arbitrari os,0.0004823017114711609,0.003486087554592552,0.0030037858431213914
gateway,0.0010810815132679804,0.004036013929219512,0.0029549324159515314
citrix adc,0.00010207673700930401,0.003026411118177382,0.0029243343811680782
adc,0.00010207673700930401,0.003026411118177382,0.0029243343811680782
remot command,0.0003863192613940401,0.003131113357997461,0.002744794096603421
command execut,0.0007850919616554579,0.0035249752776122137,0.002739883315956756
adc citrix,3.4544137190692136e-05,0.002773521283958003,0.002738977146767311
unauthent,0.005059570469661272,0.0077813703635040135,0.0027217998938427416
request,0.007308180949678081,0.010023456377407546,0.002715275427729465
secur virtual,0.00011560005974060067,0.002793255967197867,0.0026776559074572666
interscan,0.00011560005974060067,0.002793255967197867,0.0026776559074572666
micro interscan,0.00011560005974060067,0.002793255967197867,0.0026776559074572666
trend micro,0.0004543476367479843,0.0031001676887167312,0.002645820051968747
interscan web,6.758079263523195e-05,0.0027042802905143963,0.0026366994978791643
citrix gateway,7.205273845238199e-05,0.0026927879980137696,0.0026207352595613875
inject vulner,0.0030325630263003064,0.00565129558953449,0.002618732563234184
exist way,0.0017628981302635096,0.004376972819840366,0.0026140746895768566
trend,0.00047811140696234255,0.0030806283564750233,0.0026025169495126808
root privileg,0.0008166987838664187,0.0034074563794417737,0.002590757595575355
apach,0.0009970210712859557,0.0035862302027236228,0.002589209131437667
code inject,0.00046997624291402536,0.0030094912081522263,0.002539514965238201
virtual applianc,0.00018516820747707316,0.002681295621826991,0.002496127414349918
command root,0.00042477965536384546,0.002895161540184253,0.0024703818848204077
administr,0.003685523100916394,0.006149177667892266,0.002463654566975872
remot attack,0.008307181125071374,0.010768311202718782,0.002461130077647408
post,0.0014025944777030586,0.0038315351381405026,0.002428940660437444
snapdragon,0.008131910956650022,0.0009522455906969074,-0.007179665365953115
ibm,0.007670061434984869,0.0021862112307123264,-0.005483850204272543
lead,0.010095229147930268,0.004781902695550538,-0.005313326452379729
caus,0.008381867055577658,0.003229765902393241,-0.0051521011531844175
dos,0.007291999919810065,0.002439112574210379,-0.004852887345599686
need,0.007245827473333451,0.0030371490252363454,-0.004208678448097106
access,0.01421066440054241,0.010009291974018775,-0.004201372426523634
could,0.014810050704908337,0.010652842009582584,-0.004157208695325753
local,0.007698047534406613,0.0038371660159129315,-0.0038608815184936816
store,0.005458847913556638,0.0017058091876944413,-0.003753038725862196
could lead,0.005889314389707081,0.0022775416886029994,-0.003611772701104082
xss,0.010285941898471904,0.006831256871488752,-0.0034546850269831526
flaw,0.004146423741360969,0.0007434180267014369,-0.003403005714659532
mysql,0.003371656354436614,0.0,-0.003371656354436614
caus dos,0.0038494556683015043,0.0004817971000184486,-0.0033676585682830555
interact,0.004854882683010029,0.0015663127808168134,-0.003288569902193216
data,0.008143660776025359,0.004906315678246388,-0.0032373450977789707
user,0.01635705765335953,0.013334864713904217,-0.003022192939455314
escal privileg,0.0038740402194750736,0.0009270349442171686,-0.002947005275257905
inform,0.010691697163867565,0.007788388295254758,-0.002903308868612807
attack caus,0.0036102336799686946,0.0007203521624522063,-0.0028898815175164884
csrf,0.003256675842650822,0.00040108586362515004,-0.002855589979025672
oracl,0.00775804705710121,0.00504254671766109,-0.00271550033944012
user interact,0.0040476354326205504,0.001401348359964891,-0.0026462870726556595
unauthor,0.004216236637253979,0.0016864769084778885,-0.00252975972877609
escal,0.005120271855786588,0.0025966742267255205,-0.002523597629061068
due,0.0068701123644533246,0.004374519698187501,-0.0024955926662658234
permiss,0.0042910124453308255,0.0018157755620298642,-0.0024752368833009615
discov,0.00851328377512329,0.006041272816797073,-0.002472010958326217
ibm id,0.003564629500657209,0.0011140488036528776,-0.0024505806970043314
do,0.0029653644374786924,0.0005381662181984846,-0.002427198219280208
may,0.008791073227921718,0.006380086027412857,-0.002410987200508861
buffer,0.002603832589381691,0.00019882505707109912,-0.0024050075323105917
success,0.00629904625333555,0.003906271701337885,-0.002392774551997665
possibl,0.005501709614169905,0.003146624199041042,-0.0023550854151288625
mysql server,0.002287052232025911,0.0,-0.002287052232025911
potenti enabl,0.0026375568125719608,0.00035966031367083684,-0.002277896498901124
check,0.004886411785331915,0.002634266222271957,-0.002252145563059958
androidvers,0.0037135045822427443,0.0014757816299457449,-0.0022377229522969992
intel,0.00289753837950046,0.0006731343678416831,-0.002224404011658777
need user,0.0035040211223504726,0.0012981012595256567,-0.0022059198628248157
netgear,0.002552487868497274,0.00035177085979135254,-0.0022007170087059214
bound,0.004630483685493316,0.0024364017645494376,-0.0021940819209438785
privileg need,0.0034708047956353324,0.0013009926631170348,-0.0021698121325182977
certain netgear,0.002157434801937174,0.0,-0.002157434801937174
vulner success,0.0027807589991993174,0.0006418771911806385,-0.002138881808018679
iot,0.002371243899337261,0.00023754458649699443,-0.0021336993128402665
allow attack,0.009272658494426983,0.00714283442888176,-0.0021298240655452235
netgear devic,0.0024696430211185267,0.00036061436904568105,-0.0021090286520728456
open,0.0027620868370574667,0.0006553397405030793,-0.0021067470965543873
error,0.0024121539641921955,0.00034481530730573305,-0.0020673386568864625
execut privileg,0.0035903659881048053,0.0015275190707245772,-0.0020628469173802283
androidvers id,0.0032548362216358456,0.0012044616411178166,-0.0020503745805180293
may allow,0.004081346590034686,0.0020366564254404793,-0.0020446901645942064
interact need,0.0035301131655776333,0.0014873230393236006,-0.0020427901262540325
jenkin,0.0023809638643680336,0.00034138071068870565,-0.002039583153679328
lead arbitrari,0.0026701061349405203,0.0006470210397048507,-0.0020230850952356696
iot snapdragon,0.0022655331653787824,0.00024261458518486887,-0.0020229185801939136
allow local,0.0022282503164762282,0.00022070313358764026,-0.002007547182888588
devic affect,0.002404784378781658,0.00042075485582115436,-0.001984029522960504
need androidvers,0.003457889700016339,0.0014979422324596483,-0.001959947467556691
cvss,0.004575562361519222,0.0027007849497339936,-0.001874777411785228
exploit could,0.003923713217816371,0.002073894088568939,-0.0018498191292474326
lead local,0.002783009611631279,0.0009600588281745704,-0.0018229507834567086
mobil,0.0024307400961565374,0.000621065141665976,-0.0018096749544905615
servic,0.00576065610809455,0.003975453751093998,-0.001785202357000552
allow xss,0.0026016222825720097,0.0008202133448022458,-0.001781408937769764
via local,0.0021552635192907134,0.00037839504708620615,-0.0017768684722045073
version may,0.002113888477763837,0.0003396378056603087,-0.0017742506721035284
found,0.003250816434650227,0.001480144735452217,-0.00177067169919801
local access,0.00226089532825759,0.0005095482184929037,-0.0017513471097646864
connect,0.003902121605256435,0.0021634335843194762,-0.0017386880209369587
forgeri,0.0023250150645965336,0.0005877068410747153,-0.0017373082235218181
pointer,0.0022609316165382947,0.0005448815502519275,-0.0017160500662863672
standard,0.0017042689471324062,0.0,-0.0017042689471324062
request forgeri,0.0022941922602101013,0.000590224391319254,-0.0017039678688908473
vulner allow,0.0043882854161729455,0.002693568518412753,-0.0016947168977601923
enabl,0.003663276678973413,0.001975241545779861,-0.0016880351331935522
function,0.007428624970522052,0.005742595280921195,-0.0016860296896008568
credenti,0.003540617592507038,0.001861063268842089,-0.001679554323664949
seri,0.001995077723554826,0.00032552185488316713,-0.0016695558686716588
store xss,0.002638036141510471,0.000971325505560431,-0.00166671063595004
victim,0.002614352677237201,0.0009613404750336791,-0.0016530122022035219
result,0.006525263683485834,0.004880958296547695,-0.001644305386938139
within,0.0033482373696100388,0.0017202294996809552,-0.0016280078699290835
exploit,0.01112279532722273,0.009496549040825203,-0.0016262462863975268
privileg via,0.002004495207989635,0.00038514407574112596,-0.0016193511322485088
dos via,0.001780644258561458,0.00017385061316518946,-0.0016067936453962684
user potenti,0.002647589906276702,0.0010419483120133301,-0.0016056415942633717
xss via,0.002118845464832033,0.0005400343134285778,-0.0015788111514034552
specif,0.0030983804625872393,0.0015198384388676136,-0.0015785420237196257
addit,0.0034472409856106927,0.0018813246211767133,-0.0015659163644339794
disclosur,0.007032609020247379,0.005468861320163434,-0.0015637477000839447
success attack,0.0030447753671859223,0.0014844053455923226,-0.0015603700215935997
access data,0.0024816425210288794,0.0009247336017912614,-0.001556908919237618
issu discov,0.0069413255356378725,0.005402824488745018,-0.0015385010468928545
result unauthor,0.002070227806827268,0.0005324914606930635,-0.0015377363461342047
rust,0.001529196258844024,0.0,-0.001529196258844024
protect,0.0024486805178469896,0.0009252267392021427,-0.001523453778644847
comput,0.0017062602388031366,0.00019818802531167498,-0.0015080722134914615
